"","Name","Clay","Hard","Grass","Played"
"1","Viktor Troicki",0.5,0.5,0.5,89
"2","Kyle Edmund",0.5,0.5,0.5,185
"3","Lucas Pouille",0.5,0.5,0.5,174
"4","Jared Donaldson",0.5,0.5,0.5,83
"5","Jordan Thompson",0.5,0.5,0.5,185
"6","David Ferrer",0.5,0.5,0.5,87
"7","Grigor Dimitrov",0.5,0.5,0.5,281
"8","Nicolas Mahut",0.5,0.5,0.5,56
"9","Sam Groth",0.5,0.5,0.5,7
"10","Rafael Nadal",0.5,0.5,0.5,315
"11","Mischa Zverev",0.5,0.5,0.5,129
"12","Diego Schwartzman",0.5,0.5,0.5,354
"13","Stan Wawrinka",0.5,0.5,0.5,181
"14","Kei Nishikori",0.5,0.5,0.5,202
"15","Dominic Thiem",0.5,0.5,0.5,308
"16","Milos Raonic",0.5,0.5,0.5,177
"17","Rogerio Dutra Silva",0.5,0.5,0.5,49
"18","Renzo Olivo",0.5,0.5,0.5,32
"19","Mikhail Youzhny",0.5,0.5,0.5,55
"20","Aljaz Bedene",0.5,0.5,0.5,179
"21","Yuki Bhambri",0.5,0.5,0.5,32
"22","Benoit Paire",0.5,0.5,0.5,272
"23","Hyeon Chung",0.5,0.5,0.5,106
"24","Dudi Sela",0.5,0.5,0.5,47
"25","Steve Darcis",0.5,0.5,0.5,61
"26","Yen Hsun Lu",0.5,0.5,0.5,33
"27","Daniil Medvedev",0.5,0.5,0.5,382
"28","Jozef Kovalik",0.5,0.5,0.5,55
"29","Roberto Bautista Agut",0.5,0.5,0.5,342
"30","Albert Ramos",0.5,0.5,0.5,296
"31","Novak Djokovic",0.5,0.5,0.5,347
"32","Horacio Zeballos",0.5,0.5,0.5,67
"33","Arthur De Greef",0.5,0.5,0.5,8
"34","Radek Stepanek",0.5,0.5,0.5,5
"35","David Goffin",0.5,0.5,0.5,305
"36","Fernando Verdasco",0.5,0.5,0.5,207
"37","Karen Khachanov",0.5,0.5,0.5,349
"38","Ivo Karlovic",0.5,0.5,0.5,99
"39","Jo-Wilfried Tsonga",0.5,0.5,0.5,138
"40","Dustin Brown",0.5,0.5,0.5,38
"41","Jiri Vesely",0.5,0.5,0.5,169
"42","Tomas Berdych",0.5,0.5,0.5,99
"43","Philipp Kohlschreiber",0.5,0.5,0.5,174
"44","Nicolas Almagro",0.5,0.5,0.5,23
"45","Gerald Melzer",0.5,0.5,0.5,28
"46","Andy Murray",0.5,0.5,0.5,153
"47","Malek Jaziri",0.5,0.5,0.5,119
"48","Steve Johnson",0.5,0.5,0.5,209
"49","Ryan Harrison",0.5,0.5,0.5,99
"50","Jeremy Chardy",0.5,0.5,0.5,189
"51","Feliciano Lopez",0.5,0.5,0.5,180
"52","Joao Sousa",0.5,0.5,0.5,232
"53","Brydan Klein",0.5,0.5,0.5,4
"54","Robin Haase",0.5,0.5,0.5,158
"55","Marcos Baghdatis",0.5,0.5,0.5,70
"56","John Isner",0.5,0.5,0.5,268
"57","Jack Sock",0.5,0.5,0.5,133
"58","Gilles Muller",0.5,0.5,0.5,78
"59","Daniel Evans",0.5,0.5,0.5,214
"60","Matthew Barton",0.5,0.5,0.5,2
"61","Paolo Lorenzi",0.5,0.5,0.5,104
"62","Andrey Kuznetsov",0.5,0.5,0.5,40
"63","Alex De Minaur",0.5,0.5,0.5,272
"64","Marcel Granollers",0.5,0.5,0.5,50
"65","Gastao Elias",0.5,0.5,0.5,29
"66","Pablo Cuevas",0.5,0.5,0.5,172
"67","Pablo Carreno Busta",0.5,0.5,0.5,322
"68","Andrey Rublev",0.5,0.5,0.5,346
"69","Sam Querrey",0.5,0.5,0.5,195
"70","Alexander Bublik",0.5,0.5,0.5,202
"71","Noah Rubin",0.5,0.5,0.5,20
"72","Roger Federer",0.5,0.5,0.5,207
"73","Lukas Lacko",0.5,0.5,0.5,50
"74","Andreas Seppi",0.5,0.5,0.5,167
"75","Nick Kyrgios",0.5,0.5,0.5,205
"76","Dusan Lajovic",0.5,0.5,0.5,247
"77","Bernard Tomic",0.5,0.5,0.5,71
"78","Victor Estrella",0.5,0.5,0.5,28
"79","Marin Cilic",0.5,0.5,0.5,314
"80","Gael Monfils",0.5,0.5,0.5,223
"81","Alexandr Dolgopolov",0.5,0.5,0.5,59
"82","Donald Young",0.5,0.5,0.5,65
"83","Alexander Zverev",0.5,0.5,0.5,387
"84","Frances Tiafoe",0.5,0.5,0.5,275
"85","Yoshihito Nishioka",0.5,0.5,0.5,182
"86","Ernesto Escobedo",0.5,0.5,0.5,50
"87","Gilles Simon",0.5,0.5,0.5,213
"88","Fabio Fognini",0.5,0.5,0.5,290
"89","Andrew Whittington",0.5,0.5,0.5,3
"90","Carlos Berlocq",0.5,0.5,0.5,42
"91","Richard Gasquet",0.5,0.5,0.5,245
"92","Denis Istomin",0.5,0.5,0.5,94
"93","Nicolas Jarry",0.5,0.5,0.5,119
"94","Cristian Garin",0.5,0.5,0.5,177
"95","Tomas Barrios Vera",0.5,0.5,0.5,8
"96","Frederico Ferreira Silva",0.5,0.5,0.5,7
"97","Pedro Sousa",0.5,0.5,0.5,37
"98","Ramkumar Ramanathan",0.5,0.5,0.5,47
"99","Emilio Gomez",0.5,0.5,0.5,22
"100","Roberto Quiroz",0.5,0.5,0.5,18
"101","Gonzalo Escobar",0.5,0.5,0.5,2
"102","Mirza Basic",0.5,0.5,0.5,50
"103","Damir Dzumhur",0.5,0.5,0.5,181
"104","Tomislav Brkic",0.5,0.5,0.5,4
"105","Adrian Ungur",0.5,0.5,0.5,5
"106","Egor Gerasimov",0.5,0.5,0.5,101
"107","Marius Copil",0.5,0.5,0.5,97
"108","Martin Klizan",0.5,0.5,0.5,88
"109","Marton Fucsovics",0.5,0.5,0.5,232
"110","Ricardo Rodriguez",0.5,0.5,0.5,11
"111","Luis David Martinez",0.5,0.5,0.5,6
"112","Jordi Munoz Abreu",0.5,0.5,0.5,4
"113","Ayed Zatar",0.5,0.5,0.5,4
"114","Darian King",0.5,0.5,0.5,26
"115","Bruno Britez",0.5,0.5,0.5,2
"116","Federico Zeballos",0.5,0.5,0.5,7
"117","Marcelo Arevalo",0.5,0.5,0.5,18
"118","Rodrigo Banzer",0.5,0.5,0.5,1
"119","Nicolaas Scholtz",0.5,0.5,0.5,7
"120","Lloyd Harris",0.5,0.5,0.5,134
"121","Vladimir Ivanov",0.5,0.5,0.5,4
"122","Nikoloz Basilashvili",0.5,0.5,0.5,285
"123","Harri Heliovaara",0.5,0.5,0.5,9
"124","George Tsivadze",0.5,0.5,0.5,6
"125","David Agung Susanto",0.5,0.5,0.5,6
"126","Ruben Gonzales",0.5,0.5,0.5,2
"127","Alberto Lim",0.5,0.5,0.5,8
"128","Jirat Navasirisomboon",0.5,0.5,0.5,7
"129","Mohammad Ghareeb",0.5,0.5,0.5,1
"130","Wishaya Trongcharoenchaikul",0.5,0.5,0.5,17
"131","Laurynas Grigelis",0.5,0.5,0.5,14
"132","Antso Rakotondramanga",0.5,0.5,0.5,2
"133","Jean Jacques Rakotohasy",0.5,0.5,0.5,1
"134","Frederik Nielsen",0.5,0.5,0.5,10
"135","Reda El Amrani",0.5,0.5,0.5,4
"136","Soren Hess Olesen",0.5,0.5,0.5,5
"137","Wilfredo Gonzalez",0.5,0.5,0.5,7
"138","Manuel Sanchez",0.5,0.5,0.5,8
"139","Christopher Diaz Figueroa",0.5,0.5,0.5,6
"140","Blaz Kavcic",0.5,0.5,0.5,14
"141","Grega Zemlja",0.5,0.5,0.5,3
"142","Thomas Oger",0.5,0.5,0.5,1
"143","Casper Ruud",0.5,0.5,0.5,262
"144","Viktor Durasovic",0.5,0.5,0.5,22
"145","Simen Sunde Bratholm",0.5,0.5,0.5,3
"146","Aqeel Khan",0.5,0.5,0.5,11
"147","Aisam Ul Haq Qureshi",0.5,0.5,0.5,8
"148","Hamid Reza Nadaf",0.5,0.5,0.5,1
"149","Shahin Khaledan",0.5,0.5,0.5,3
"150","Patrik Rosenholm",0.5,0.5,0.5,2
"151","Isak Arvidsson",0.5,0.5,0.5,2
"152","Cem Ilkel",0.5,0.5,0.5,25
"153","Marsel Ilhan",0.5,0.5,0.5,7
"154","Altug Celikbilek",0.5,0.5,0.5,20
"155","Hong Kit Jack Wong",0.5,0.5,0.5,6
"156","Nam Hoang Ly",0.5,0.5,0.5,5
"157","Karan Rastogi",0.5,0.5,0.5,1
"158","Ruben Bemelmans",0.5,0.5,0.5,39
"159","Vasek Pospisil",0.5,0.5,0.5,116
"160","Franko Skugor",0.5,0.5,0.5,14
"161","Yasutaka Uchiyama",0.5,0.5,0.5,34
"162","Pierre Hugues Herbert",0.5,0.5,0.5,169
"163","Paul Henri Mathieu",0.5,0.5,0.5,10
"164","Kenny De Schepper",0.5,0.5,0.5,11
"165","Illya Marchenko",0.5,0.5,0.5,25
"166","Alejandro Falla",0.5,0.5,0.5,2
"167","Roberto Carballes Baena",0.5,0.5,0.5,149
"168","Giovanni Lapentti",0.5,0.5,0.5,2
"169","Matthew Ebden",0.5,0.5,0.5,90
"170","Nicolas Kicker",0.5,0.5,0.5,45
"171","Rajeev Ram",0.5,0.5,0.5,4
"172","Santiago Giraldo",0.5,0.5,0.5,27
"173","Janko Tipsarevic",0.5,0.5,0.5,35
"174","Federico Gaio",0.5,0.5,0.5,16
"175","Thomaz Bellucci",0.5,0.5,0.5,41
"176","Radu Albot",0.5,0.5,0.5,179
"177","Cedrik Marcel Stebe",0.5,0.5,0.5,43
"178","Jerzy Janowicz",0.5,0.5,0.5,13
"179","Daniel Brands",0.5,0.5,0.5,8
"180","Guido Andreozzi",0.5,0.5,0.5,32
"181","Alessandro Giannessi",0.5,0.5,0.5,24
"182","Leonardo Mayer",0.5,0.5,0.5,109
"183","Tommy Robredo",0.5,0.5,0.5,21
"184","Thiago Monteiro",0.5,0.5,0.5,162
"185","Federico Delbonis",0.5,0.5,0.5,185
"186","Reilly Opelka",0.5,0.5,0.5,163
"187","Mikhail Kukushkin",0.5,0.5,0.5,163
"188","Tim Smyczek",0.5,0.5,0.5,30
"189","Taylor Fritz",0.5,0.5,0.5,291
"190","Evgeny Donskoy",0.5,0.5,0.5,76
"191","Borna Coric",0.5,0.5,0.5,237
"192","Zhe Li",0.5,0.5,0.5,10
"193","Yibing Wu",0.5,0.5,0.5,16
"194","Zhizhen Zhang",0.5,0.5,0.5,23
"195","Guillermo Garcia Lopez",0.5,0.5,0.5,75
"196","Juan Martin del Potro",0.5,0.5,0.5,130
"197","Julien Benneteau",0.5,0.5,0.5,46
"198","Norbert Gombos",0.5,0.5,0.5,71
"199","Jan Lennard Struff",0.5,0.5,0.5,278
"200","Sergiy Stakhovsky",0.5,0.5,0.5,43
"201","Adrian Mannarino",0.5,0.5,0.5,300
"202","Guido Pella",0.5,0.5,0.5,188
"203","Facundo Bagnis",0.5,0.5,0.5,80
"204","Joao Souza",0.5,0.5,0.5,4
"205","Stephane Robert",0.5,0.5,0.5,16
"206","Kevin Anderson",0.5,0.5,0.5,189
"207","Henri Laaksonen",0.5,0.5,0.5,96
"208","Bjorn Fratangelo",0.5,0.5,0.5,44
"209","Peter Gojowczyk",0.5,0.5,0.5,147
"210","Ilya Ivashka",0.5,0.5,0.5,146
"211","Dmitry Popko",0.5,0.5,0.5,10
"212","Ze Zhang",0.5,0.5,0.5,11
"213","Prajnesh Gunneswaran",0.5,0.5,0.5,39
"214","Temur Ismailov",0.5,0.5,0.5,2
"215","Lukas Mugevicius",0.5,0.5,0.5,1
"216","August Holmgren",0.5,0.5,0.5,5
"217","Christian Lindell",0.5,0.5,0.5,2
"218","Elias Ymer",0.5,0.5,0.5,67
"219","Maximo Gonzalez",0.5,0.5,0.5,2
"220","Tommy Haas",0.5,0.5,0.5,20
"221","Laslo Djere",0.5,0.5,0.5,209
"222","Gianluigi Quinzi",0.5,0.5,0.5,5
"223","Amine Ahouda",0.5,0.5,0.5,7
"224","Yuichi Sugita",0.5,0.5,0.5,95
"225","Albert Montanes",0.5,0.5,0.5,2
"226","Joao Domingues",0.5,0.5,0.5,13
"227","Taro Daniel",0.5,0.5,0.5,135
"228","Yannick Hanfmann",0.5,0.5,0.5,68
"229","Florian Mayer",0.5,0.5,0.5,44
"230","Konstantin Kravchuk",0.5,0.5,0.5,14
"231","Marco Trungelliti",0.5,0.5,0.5,22
"232","Simone Bolelli",0.5,0.5,0.5,19
"233","Benjamin Bonzi",0.5,0.5,0.5,73
"234","Stefano Napolitano",0.5,0.5,0.5,3
"235","Thanasi Kokkinakis",0.5,0.5,0.5,77
"236","Stefan Kozlov",0.5,0.5,0.5,26
"237","Denis Shapovalov",0.5,0.5,0.5,308
"238","Mohamed Safwat",0.5,0.5,0.5,25
"239","Daniel Altmaier",0.5,0.5,0.5,55
"240","Cameron Norrie",0.5,0.5,0.5,276
"241","Thomas Fabbiano",0.5,0.5,0.5,69
"242","Lukas Rosol",0.5,0.5,0.5,22
"243","Sebastian Ofner",0.5,0.5,0.5,25
"244","Ernests Gulbis",0.5,0.5,0.5,62
"245","Adam Pavlasek",0.5,0.5,0.5,9
"246","Denis Kudla",0.5,0.5,0.5,106
"247","Tobias Kamke",0.5,0.5,0.5,5
"248","Akira Santillan",0.5,0.5,0.5,7
"249","Adrian Menendez Maceiras",0.5,0.5,0.5,16
"250","Frank Dancevic",0.5,0.5,0.5,2
"251","Dennis Novikov",0.5,0.5,0.5,5
"252","Andrej Martin",0.5,0.5,0.5,42
"253","Marco Cecchinato",0.5,0.5,0.5,162
"254","Ivan Dodig",0.5,0.5,0.5,5
"255","Attila Balazs",0.5,0.5,0.5,32
"256","Quentin Halys",0.5,0.5,0.5,39
"257","Tommy Paul",0.5,0.5,0.5,171
"258","Christopher Eubanks",0.5,0.5,0.5,34
"259","John Millman",0.5,0.5,0.5,207
"260","Gleb Sakharov",0.5,0.5,0.5,4
"261","Miljan Zekic",0.5,0.5,0.5,3
"262","Evan King",0.5,0.5,0.5,4
"263","Vincent Millot",0.5,0.5,0.5,9
"264","Peter Polansky",0.5,0.5,0.5,23
"265","Dmitry Tursunov",0.5,0.5,0.5,6
"266","Tennys Sandgren",0.5,0.5,0.5,122
"267","Mitchell Krueger",0.5,0.5,0.5,23
"268","Stefano Travaglia",0.5,0.5,0.5,82
"269","Haydn Lewis",0.5,0.5,0.5,6
"270","Mikael Ymer",0.5,0.5,0.5,129
"271","Markus Eriksson",0.5,0.5,0.5,4
"272","Viktor Galovic",0.5,0.5,0.5,8
"273","Thiemo De Bakker",0.5,0.5,0.5,7
"274","Go Soeda",0.5,0.5,0.5,12
"275","Yaraslav Shyla",0.5,0.5,0.5,3
"276","Marco Chiudinelli",0.5,0.5,0.5,7
"277","Yannick Maden",0.5,0.5,0.5,25
"278","Liam Broady",0.5,0.5,0.5,33
"279","Ricardas Berankis",0.5,0.5,0.5,127
"280","Stefanos Tsitsipas",0.5,0.5,0.5,382
"281","Di Wu",0.5,0.5,0.5,11
"282","Filip Krajinovic",0.5,0.5,0.5,199
"283","Jurgen Zopp",0.5,0.5,0.5,16
"284","Dennis Novak",0.5,0.5,0.5,69
"285","Michael Mmoh",0.5,0.5,0.5,40
"286","Matteo Berrettini",0.5,0.5,0.5,227
"287","Ricardo Ojeda Lara",0.5,0.5,0.5,6
"288","Mackenzie Mcdonald",0.5,0.5,0.5,155
"289","Maximilian Marterer",0.5,0.5,0.5,81
"290","Lorenzo Sonego",0.5,0.5,0.5,193
"291","Jose Rubin Statham",0.5,0.5,0.5,10
"292","Daniel Elahi Galan",0.5,0.5,0.5,72
"293","Alejandro Gonzalez",0.5,0.5,0.5,7
"294","Cristian Rodriguez",0.5,0.5,0.5,1
"295","Jose Hernandez",0.5,0.5,0.5,8
"296","Joao Pedro Sorgi",0.5,0.5,0.5,3
"297","M Abid Ali Khan Akbar",0.5,0.5,0.5,2
"298","Edan Leshem",0.5,0.5,0.5,13
"299","Zsombor Piros",0.5,0.5,0.5,11
"300","Marc Andrea Huesler",0.5,0.5,0.5,44
"301","Pedja Krstin",0.5,0.5,0.5,5
"302","Duilio Beretta",0.5,0.5,0.5,1
"303","Juan Pablo Varillas",0.5,0.5,0.5,32
"304","Jorge Brian Panta Herreros",0.5,0.5,0.5,1
"305","Luis Diego Chavez Villalpando",0.5,0.5,0.5,1
"306","Karim Mohamed Maamoun",0.5,0.5,0.5,7
"307","Youssef Hossam",0.5,0.5,0.5,3
"308","Rodrigo Arus",0.5,0.5,0.5,1
"309","Lamine Ouahab",0.5,0.5,0.5,8
"310","Anthony Jackie Tang",0.5,0.5,0.5,1
"311","Skyler Butts",0.5,0.5,0.5,1
"312","Peter Bothwell",0.5,0.5,0.5,2
"313","Benjamin Hassan",0.5,0.5,0.5,14
"314","Hady Habib",0.5,0.5,0.5,10
"315","Chun Hsin Tseng",0.5,0.5,0.5,22
"316","Ti Chen",0.5,0.5,0.5,2
"317","John Bryan Decasa Otico",0.5,0.5,0.5,4
"318","Luis Patino",0.5,0.5,0.5,7
"319","Ugo Nastasi",0.5,0.5,0.5,2
"320","Bogdan Borza",0.5,0.5,0.5,1
"321","Kamil Majchrzak",0.5,0.5,0.5,66
"322","Hubert Hurkacz",0.5,0.5,0.5,227
"323","Sharmal Dissanayake",0.5,0.5,0.5,2
"324","Emil Ruusuvuori",0.5,0.5,0.5,139
"325","Benjamin Lock",0.5,0.5,0.5,7
"326","Takanyi Garanganga",0.5,0.5,0.5,5
"327","Sarp Agabigun",0.5,0.5,0.5,1
"328","Carlos Taberner",0.5,0.5,0.5,36
"329","Corentin Moutet",0.5,0.5,0.5,102
"330","Tallon Griekspoor",0.5,0.5,0.5,74
"331","Pablo Andujar",0.5,0.5,0.5,116
"332","Guilherme Clezar",0.5,0.5,0.5,5
"333","Felix Auger Aliassime",0.5,0.5,0.5,269
"334","Nicola Kuhn",0.5,0.5,0.5,12
"335","Jurgen Melzer",0.5,0.5,0.5,5
"336","Yshai Oliel",0.5,0.5,0.5,7
"337","Khumoun Sultanov",0.5,0.5,0.5,4
"338","Holger Rune",0.5,0.5,0.5,96
"339","Gerardo Lopez Villasenor",0.5,0.5,0.5,12
"340","Nicolas Alvarez",0.5,0.5,0.5,8
"341","Daniel Michalski",0.5,0.5,0.5,4
"342","Dragos Dima",0.5,0.5,0.5,2
"343","Edris Fetisleam",0.5,0.5,0.5,1
"344","Jeson Patrombon",0.5,0.5,0.5,7
"345","Palaphoom Kovapitukted",0.5,0.5,0.5,4
"346","Francisco Llanes",0.5,0.5,0.5,2
"347","Andrea Arnaboldi",0.5,0.5,0.5,4
"348","Alexey Vatutin",0.5,0.5,0.5,7
"349","Jaume Munar",0.5,0.5,0.5,152
"350","Matthias Bachinger",0.5,0.5,0.5,17
"351","Bernabe Zapata Miralles",0.5,0.5,0.5,47
"352","Federico Coria",0.5,0.5,0.5,88
"353","Filip Horansky",0.5,0.5,0.5,11
"354","Calvin Hemery",0.5,0.5,0.5,7
"355","Alex Bolt",0.5,0.5,0.5,38
"356","Rudolf Molleker",0.5,0.5,0.5,14
"357","Jay Clarke",0.5,0.5,0.5,13
"358","Bradley Klahn",0.5,0.5,0.5,33
"359","Jason Jung",0.5,0.5,0.5,32
"360","Christian Harrison",0.5,0.5,0.5,12
"361","Oriol Roca Batalla",0.5,0.5,0.5,2
"362","Daniel Masur",0.5,0.5,0.5,6
"363","Marcos Giron",0.5,0.5,0.5,121
"364","James Duckworth",0.5,0.5,0.5,87
"365","Dominik Koepfer",0.5,0.5,0.5,85
"366","Jason Kubler",0.5,0.5,0.5,34
"367","Ugo Humbert",0.5,0.5,0.5,156
"368","Jurabek Karimov",0.5,0.5,0.5,2
"369","Yosuke Watanuki",0.5,0.5,0.5,17
"370","Jonathan Mridha",0.5,0.5,0.5,2
"371","Martin Cuevas",0.5,0.5,0.5,9
"372","Constant Lestienne",0.5,0.5,0.5,24
"373","Salvatore Caruso",0.5,0.5,0.5,62
"374","Oscar Otte",0.5,0.5,0.5,69
"375","Alexei Popyrin",0.5,0.5,0.5,116
"376","Miomir Kecmanovic",0.5,0.5,0.5,188
"377","Juan Ignacio Londero",0.5,0.5,0.5,83
"378","Pedro Cachin",0.5,0.5,0.5,21
"379","Antoine Hoang",0.5,0.5,0.5,19
"380","Brayden Schnur",0.5,0.5,0.5,22
"381","Gregoire Barrere",0.5,0.5,0.5,45
"382","Hugo Dellien",0.5,0.5,0.5,64
"383","Thiago Seyboth Wild",0.5,0.5,0.5,24
"384","Jannik Sinner",0.5,0.5,0.5,195
"385","Alejandro Davidovich Fokina",0.5,0.5,0.5,138
"386","Tristan Lamasine",0.5,0.5,0.5,5
"387","Steven Diez",0.5,0.5,0.5,8
"388","Elliot Benchetrit",0.5,0.5,0.5,7
"389","Kevin Krawietz",0.5,0.5,0.5,2
"390","Nino Serdarusic",0.5,0.5,0.5,8
"391","Soon Woo Kwon",0.5,0.5,0.5,119
"392","Kevin King",0.5,0.5,0.5,5
"393","Gian Marco Moroni",0.5,0.5,0.5,4
"394","Marc Polmans",0.5,0.5,0.5,19
"395","Duck Hee Lee",0.5,0.5,0.5,3
"396","Jenson Brooksby",0.5,0.5,0.5,79
"397","Nikola Milojevic",0.5,0.5,0.5,12
"398","Alen Avidzba",0.5,0.5,0.5,2
"399","Gianluca Mager",0.5,0.5,0.5,59
"400","Cayetano March",0.5,0.5,0.5,2
"401","Ji Sung Nam",0.5,0.5,0.5,6
"402","Sanjar Fayziev",0.5,0.5,0.5,13
"403","Jonas Forejtek",0.5,0.5,0.5,4
"404","Sandro Ehrat",0.5,0.5,0.5,5
"405","Lucas Gomez",0.5,0.5,0.5,7
"406","Ajeet Rai",0.5,0.5,0.5,4
"407","Rhett Purcell",0.5,0.5,0.5,1
"408","Ari Fahresi",0.5,0.5,0.5,1
"409","Tung Lin Wu",0.5,0.5,0.5,8
"410","Aleksandre Metreveli",0.5,0.5,0.5,9
"411","Filip Cristian Jianu",0.5,0.5,0.5,4
"412","Dimitar Kuzmanov",0.5,0.5,0.5,21
"413","Philip Henning",0.5,0.5,0.5,3
"414","Kimmer Coppejans",0.5,0.5,0.5,11
"415","Kacper Zuk",0.5,0.5,0.5,8
"416","Pedro Martinez",0.5,0.5,0.5,106
"417","Alejandro Tabilo",0.5,0.5,0.5,45
"418","Tatsuma Ito",0.5,0.5,0.5,8
"419","Roberto Marcora",0.5,0.5,0.5,7
"420","Brandon Nakashima",0.5,0.5,0.5,94
"421","Carlos Alcaraz",0.5,0.5,0.5,121
"422","Maxime Cressy",0.5,0.5,0.5,70
"423","J J Wolf",0.5,0.5,0.5,42
"424","Christopher Oconnell",0.5,0.5,0.5,39
"425","Sumit Nagal",0.5,0.5,0.5,24
"426","Lorenzo Musetti",0.5,0.5,0.5,120
"427","Jurij Rodionov",0.5,0.5,0.5,27
"428","Lorenzo Giustino",0.5,0.5,0.5,5
"429","Hugo Gaston",0.5,0.5,0.5,53
"430","Sebastian Korda",0.5,0.5,0.5,122
"431","Danilo Petrovic",0.5,0.5,0.5,5
"432","Andrea Pellegrino",0.5,0.5,0.5,2
"433","Roman Safiullin",0.5,0.5,0.5,28
"434","Aslan Karatsev",0.5,0.5,0.5,110
"435","Borna Gojo",0.5,0.5,0.5,22
"436","Roberto Cid",0.5,0.5,0.5,8
"437","Patrik Niklas Salminen",0.5,0.5,0.5,4
"438","Otto Virtanen",0.5,0.5,0.5,7
"439","Lukas Hellum Lilleengen",0.5,0.5,0.5,2
"440","Daniel Cukierman",0.5,0.5,0.5,7
"441","Finn Tearney",0.5,0.5,0.5,4
"442","Alexandar Lazarov",0.5,0.5,0.5,8
"443","Alexander Donski",0.5,0.5,0.5,2
"444","Mikael Torpegaard",0.5,0.5,0.5,6
"445","Blaise Bicknell",0.5,0.5,0.5,6
"446","Kristjan Tamm",0.5,0.5,0.5,5
"447","Daniil Glinka",0.5,0.5,0.5,2
"448","Christopher Rungkat",0.5,0.5,0.5,2
"449","Gunawan Trismuwantara",0.5,0.5,0.5,2
"450","Robert Strombachs",0.5,0.5,0.5,4
"451","Adam Moundir",0.5,0.5,0.5,2
"452","Aissa Benchakroun",0.5,0.5,0.5,1
"453","Adolfo Daniel Vallejo",0.5,0.5,0.5,4
"454","Martin Antonio Vergara Del Puerto",0.5,0.5,0.5,2
"455","Petros Tsitsipas",0.5,0.5,0.5,6
"456","Maks Kasnikowski",0.5,0.5,0.5,1
"457","Hazem Naw",0.5,0.5,0.5,2
"458","Zizou Bergs",0.5,0.5,0.5,18
"459","Tomas Machac",0.5,0.5,0.5,21
"460","Max Purcell",0.5,0.5,0.5,22
"461","Jack Draper",0.5,0.5,0.5,45
"462","Arthur Rinderknech",0.5,0.5,0.5,82
"463","Vit Kopriva",0.5,0.5,0.5,10
"464","Alexander Erler",0.5,0.5,0.5,2
"465","Mario Vilella Martinez",0.5,0.5,0.5,10
"466","Dominic Stricker",0.5,0.5,0.5,20
"467","Arthur Cazaux",0.5,0.5,0.5,3
"468","Aleksandar Vukic",0.5,0.5,0.5,20
"469","Alex Molcan",0.5,0.5,0.5,64
"470","Sebastian Baez",0.5,0.5,0.5,66
"471","Botic Van De Zandschulp",0.5,0.5,0.5,99
"472","Andrea Vavassori",0.5,0.5,0.5,3
"473","Duje Ajdukovic",0.5,0.5,0.5,3
"474","Francisco Cerundolo",0.5,0.5,0.5,66
"475","Lukas Klein",0.5,0.5,0.5,8
"476","Enzo Couacaud",0.5,0.5,0.5,8
"477","Zachary Svajda",0.5,0.5,0.5,5
"478","Alexandre Muller",0.5,0.5,0.5,6
"479","Nuno Borges",0.5,0.5,0.5,15
"480","Juan Manuel Cerundolo",0.5,0.5,0.5,20
"481","Dane Sweeny",0.5,0.5,0.5,2
"482","Tomas Martin Etcheverry",0.5,0.5,0.5,23
"483","Timofey Skatov",0.5,0.5,0.5,7
"484","Adrian Andreev",0.5,0.5,0.5,9
"485","Hugo Grenier",0.5,0.5,0.5,10
"486","Andrew Harris",0.5,0.5,0.5,3
"487","Harry Bourchier",0.5,0.5,0.5,2
"488","Flavio Cobolli",0.5,0.5,0.5,7
"489","Mats Moraing",0.5,0.5,0.5,3
"490","Daniil Ostapenkov",0.5,0.5,0.5,3
"491","Murkel Alejandro Dellien Velasco",0.5,0.5,0.5,4
"492","Michael Geerts",0.5,0.5,0.5,3
"493","Orlando Luz",0.5,0.5,0.5,2
"494","Felipe Meligeni Alves",0.5,0.5,0.5,6
"495","Matheus Pucinelli De Almeida",0.5,0.5,0.5,4
"496","Kaichi Uchida",0.5,0.5,0.5,5
"497","Yuta Shimizu",0.5,0.5,0.5,2
"498","Aziz Dougaz",0.5,0.5,0.5,9
"499","Aziz Ouakaa",0.5,0.5,0.5,2
"500","Justin Barki",0.5,0.5,0.5,2
"501","Nick Hardt",0.5,0.5,0.5,5
"502","Alexandros Skorilas",0.5,0.5,0.5,1
"503","Ruan Roelofse",0.5,0.5,0.5,3
"504","Tom Kocevar Desman",0.5,0.5,0.5,2
"505","Bor Artnak ",0.5,0.5,0.5,4
"506","Hernando Jose Escurra Isnardi",0.5,0.5,0.5,2
"507","Jerome Kym",0.5,0.5,0.5,1
"508","Christian Sigsgaard",0.5,0.5,0.5,5
"509","Kasidit Samrej",0.5,0.5,0.5,7
"510","Ergi Kirkin",0.5,0.5,0.5,4
"511","Michail Pervolarakis",0.5,0.5,0.5,13
"512","Juan Pablo Ficovich",0.5,0.5,0.5,3
"513","Jiri Lehecka",0.5,0.5,0.5,45
"514","Gijs Brouwer",0.5,0.5,0.5,5
"515","Pavel Kotov",0.5,0.5,0.5,10
"516","Johan Nikles",0.5,0.5,0.5,3
"517","Manuel Guinard",0.5,0.5,0.5,9
"518","Camilo Ugo Carabelli",0.5,0.5,0.5,2
"519","Zdenek Kolar",0.5,0.5,0.5,4
"520","Tim Van Rijthoven",0.5,0.5,0.5,18
"521","Ryan Peniston",0.5,0.5,0.5,9
"522","Antoine Bellier",0.5,0.5,0.5,8
"523","Alastair Gray",0.5,0.5,0.5,4
"524","Alexander Ritschard",0.5,0.5,0.5,5
"525","Andres Martin",0.5,0.5,0.5,2
"526","Ben Shelton",0.5,0.5,0.5,13
"527","Filip Misolic",0.5,0.5,0.5,7
"528","Giulio Zeppieri",0.5,0.5,0.5,9
"529","Franco Agamenone",0.5,0.5,0.5,5
"530","Rinky Hijikata",0.5,0.5,0.5,7
"531","Juan Alejandro Hernandez Serrano",0.5,0.5,0.5,3
"532","Emilio Nava",0.5,0.5,0.5,8
"533","Brandon Holt",0.5,0.5,0.5,5
"534","Aleksandar Kovacevic",0.5,0.5,0.5,4
"535","Luca Nardi",0.5,0.5,0.5,6
"536","Hiroki Moriya",0.5,0.5,0.5,3
"537","Rio Noguchi",0.5,0.5,0.5,2
"538","Francesco Passaro",0.5,0.5,0.5,7
"539","Nicolas Alvarez Varona",0.5,0.5,0.5,3
"540","Nerman Fatic",0.5,0.5,0.5,3
"541","Luis Carlos Alvarez Valdes",0.5,0.5,0.5,1
"542","Nicolas Mejia",0.5,0.5,0.5,9
"543","Nicolas Barrientos",0.5,0.5,0.5,3
"544","Eero Vasa",0.5,0.5,0.5,2
"545","Sho Shimabukuro",0.5,0.5,0.5,3
"546","Sergey Fomin",0.5,0.5,0.5,5
"547","Nicholas David Ionel",0.5,0.5,0.5,4
"548","Diego Fernandez Flores",0.5,0.5,0.5,1
"549","Simon Carr",0.5,0.5,0.5,5
"550","Osgar Ohoisin",0.5,0.5,0.5,3
"551","Yuttana Charoenphon",0.5,0.5,0.5,3
"552","Johannes Ingildsen",0.5,0.5,0.5,3
"553","Elmer Moller",0.5,0.5,0.5,3
"554","Karlis Ozolins",0.5,0.5,0.5,5
"555","Peter Bertran",0.5,0.5,0.5,2
"556","Valentin Vacherot",0.5,0.5,0.5,2
"557","Ainius Sabaliauskas",0.5,0.5,0.5,2
"558","Olaf Pieczkowski",0.5,0.5,0.5,2
"559","Matic Kriznik",0.5,0.5,0.5,2
"560","Coleman Wong",0.5,0.5,0.5,3
"561","Rigele Te",0.5,0.5,0.5,3
"562","Petros Chrysochos",0.5,0.5,0.5,7
"563","Amr Elsayed Abdou Ahmed Mohamed",0.5,0.5,0.5,5
"564","Rowland Phillips",0.5,0.5,0.5,4
"565","Aristotelis Thanos",0.5,0.5,0.5,2
"566","Sylvestre Monnou",0.5,0.5,0.5,1
"567","Stefanos Sakellaridis",0.5,0.5,0.5,3
"568","Dalibor Svrcina",0.5,0.5,0.5,3
"569","Juncheng Shang",0.5,0.5,0.5,5
"570","Seong Chan Hong",0.5,0.5,0.5,7
"571","Matwe Middelkoop",0.5,0.5,0.5,1
"572","Hamad Medjedovic",0.5,0.5,0.5,4
"573","Gustavo Heide",0.5,0.5,0.5,1
"574","Edas Butvilas",0.5,0.5,0.5,3
"575","Vilius Gaubas",0.5,0.5,0.5,2
"576","Gonzalo Bueno",0.5,0.5,0.5,1
"577","Arklon Huertas Del Pino",0.5,0.5,0.5,1
"578","Conner Huertas Del Pino",0.5,0.5,0.5,1
"579","Vladyslav Orlov",0.5,0.5,0.5,2
"580","Viacheslav Bielinskyi",0.5,0.5,0.5,2
"581","Colin Sinclair",0.5,0.5,0.5,2
"582","Kaipo Marshall",0.5,0.5,0.5,5
"583","Aleksandre Bakshi",0.5,0.5,0.5,2
"584","Zura Tkemaladze",0.5,0.5,0.5,2
"585","Saba Purtseladze",0.5,0.5,0.5,1
"586","Daniel Vallejo",0.5,0.5,0.5,2
"587","Mousa Alkotop",0.5,0.5,0.5,2
"588","Johannes Seeman",0.5,0.5,0.5,1
"589","Fitriadi M Rifqi",0.5,0.5,0.5,4
"590","Alex Knaff",0.5,0.5,0.5,2
"591","Chris Rodesch",0.5,0.5,0.5,1
"592","Raphael Calzi",0.5,0.5,0.5,1
"593","Moez Echargui",0.5,0.5,0.5,3
"594","Menelaos Efstathiou",0.5,0.5,0.5,4
"595","Saketh Myneni",0.5,0.5,0.5,1
"596","Nikola Mektic",0.5,0.5,0.5,3
"597","Mubarak Shannan Zayid",0.5,0.5,0.5,3
"598","Anil Yuksel",0.5,0.5,0.5,2
"599","Artem Sitak",0.5,0.5,0.5,1
"600","Michael Venus",0.5,0.5,0.5,4
"601","Luca Vanni",0.5,0.5,0.5,4
"602","Omar Jasika",0.5,0.5,0.5,1
"603","Blake Mott",0.5,0.5,0.5,2
"604","Jose Olivares",0.5,0.5,0.5,1
"605","Mauricio Echazu",0.5,0.5,0.5,2
"606","Alexander Merino",0.5,0.5,0.5,1
"607","Philip Wilbert Major",0.5,0.5,0.5,2
"608","Spencer Newman",0.5,0.5,0.5,1
"609","Justin Lunn",0.5,0.5,0.5,1
"610","Seanon Williams",0.5,0.5,0.5,1
"611","Alberto Emmanuel Alvarado Larin",0.5,0.5,0.5,6
"612","Mattias Siimar",0.5,0.5,0.5,2
"613","Aditya Hari Sasongko",0.5,0.5,0.5,1
"614","Anthony Susanto",0.5,0.5,0.5,3
"615","Abdullah Maqdas",0.5,0.5,0.5,2
"616","Lucas Andriamasilalao",0.5,0.5,0.5,1
"617","Tadas Babelis",0.5,0.5,0.5,3
"618","Tomas Vaise",0.5,0.5,0.5,1
"619","Mehdi Jdi",0.5,0.5,0.5,1
"620","Lucas Catarina",0.5,0.5,0.5,7
"621","Romain Arneodo",0.5,0.5,0.5,1
"622","Tilen Zitnik",0.5,0.5,0.5,2
"623","Martins Podzus",0.5,0.5,0.5,1
"624","Mikelis Libietis",0.5,0.5,0.5,1
"625","Rudolfs Mednis",0.5,0.5,0.5,1
"626","Arturs Lazdins",0.5,0.5,0.5,1
"627","Anoosha Shahgholi",0.5,0.5,0.5,1
"628","Mahammad Abid",0.5,0.5,0.5,2
"629","Nicholas Campbell",0.5,0.5,0.5,1
"630","Thien Nguyen Hoang",0.5,0.5,0.5,2
"631","Hei Yin Andrew Li",0.5,0.5,0.5,1
"632","Jan Satral",0.5,0.5,0.5,2
"633","Ante Pavic",0.5,0.5,0.5,1
"634","Nenad Zimonjic",0.5,0.5,0.5,2
"635","Adrien Bossel",0.5,0.5,0.5,1
"636","Agustin Velotti",0.5,0.5,0.5,1
"637","Benjamin Becker",0.5,0.5,0.5,3
"638","Daniel Gimeno Traver",0.5,0.5,0.5,2
"639","Teymuraz Gabashvili",0.5,0.5,0.5,3
"640","Marko Tepavac",0.5,0.5,0.5,1
"641","Mathias Bourgue",0.5,0.5,0.5,3
"642","Kuan Yi Lee",0.5,0.5,0.5,2
"643","Hsien Yin Peng",0.5,0.5,0.5,1
"644","Omar Awadhy",0.5,0.5,0.5,1
"645","Inigo Cervantes Huegun",0.5,0.5,0.5,1
"646","Juan Monaco",0.5,0.5,0.5,3
"647","Ivan Endara",0.5,0.5,0.5,2
"648","Eduardo Struvay",0.5,0.5,0.5,1
"649","Aleksandr Nedovyesov",0.5,0.5,0.5,1
"650","Artem Smirnov",0.5,0.5,0.5,4
"651","Mykyta Mashtakov",0.5,0.5,0.5,1
"652","Illia Biloborodko",0.5,0.5,0.5,2
"653","Adam Hornby",0.5,0.5,0.5,1
"654","Luciano Ramazzini",0.5,0.5,0.5,1
"655","Jesus Bandres",0.5,0.5,0.5,1
"656","Rafael Arevalo",0.5,0.5,0.5,1
"657","Patrick Tierro",0.5,0.5,0.5,1
"658","Mike Urbanija",0.5,0.5,0.5,1
"659","Tomislav Ternar",0.5,0.5,0.5,1
"660","Joris De Loore",0.5,0.5,0.5,3
"661","Riccardo Bellotti",0.5,0.5,0.5,1
"662","Laurent Lokoli",0.5,0.5,0.5,2
"663","Maxime Hamou",0.5,0.5,0.5,1
"664","James Ward",0.5,0.5,0.5,6
"665","Andreas Haider Maurer",0.5,0.5,0.5,12
"666","Alexander Ward",0.5,0.5,0.5,1
"667","Thai Son Kwiatkowski",0.5,0.5,0.5,6
"668","Austin Krajicek",0.5,0.5,0.5,1
"669","Alexios Halebian",0.5,0.5,0.5,1
"670","Sekou Bangoura",0.5,0.5,0.5,1
"671","Alessandro Bega",0.5,0.5,0.5,1
"672","John Patrick Smith",0.5,0.5,0.5,10
"673","Jonathan Eysseric",0.5,0.5,0.5,1
"674","Geoffrey Blancaneaux",0.5,0.5,0.5,4
"675","Vaclav Safranek",0.5,0.5,0.5,3
"676","Patrick Kypson",0.5,0.5,0.5,1
"677","Jc Aragone",0.5,0.5,0.5,4
"678","Matthew Foster Estwick",0.5,0.5,0.5,2
"679","Benjamin Hannestad",0.5,0.5,0.5,1
"680","Kittipong Wachiramanowong",0.5,0.5,0.5,2
"681","Julius Tverijonas",0.5,0.5,0.5,3
"682","Dzmitry Zhyrmont",0.5,0.5,0.5,3
"683","Evgenii Tiurnev",0.5,0.5,0.5,2
"684","Mate Pavic",0.5,0.5,0.5,1
"685","Yusuke Takahashi",0.5,0.5,0.5,1
"686","Aldin Setkic",0.5,0.5,0.5,1
"687","Jabor Al Mutawa",0.5,0.5,0.5,1
"688","Arjun Kadhe",0.5,0.5,0.5,4
"689","Liam Caruana",0.5,0.5,0.5,4
"690","Gonzalo Lama",0.5,0.5,0.5,3
"691","Xavier Lawrence",0.5,0.5,0.5,1
"692","Minjong Park",0.5,0.5,0.5,1
"693","Julien Cagnina",0.5,0.5,0.5,1
"694","Adrian Bodmer",0.5,0.5,0.5,2
"695","Roman Hassanov",0.5,0.5,0.5,1
"696","Alejandro Mendoza",0.5,0.5,0.5,1
"697","Peter August Anker",0.5,0.5,0.5,1
"698","Rafael Eduardo Gonzalez Retana",0.5,0.5,0.5,1
"699","Kenneth Raisma",0.5,0.5,0.5,2
"700","Mohsen Hossein Zade",0.5,0.5,0.5,1
"701","Amir Hossein Badi",0.5,0.5,0.5,1
"702","Cheng Yu Yu",0.5,0.5,0.5,1
"703","Michel Saade",0.5,0.5,0.5,1
"704","Jad Ballout",0.5,0.5,0.5,1
"705","Muhammad Althaf Dhaifullah",0.5,0.5,0.5,1
"706","Ignacio Garcia",0.5,0.5,0.5,4
"707","Alex Diaz",0.5,0.5,0.5,1
"708","Sebastian Arcila",0.5,0.5,0.5,1
"709","Nicolae Frunza",0.5,0.5,0.5,1
"710","Christophe Tholl",0.5,0.5,0.5,2
"711","Blaz Rola",0.5,0.5,0.5,5
"712","Yasitha De Silva",0.5,0.5,0.5,3
"713","Alex Fairbanks",0.5,0.5,0.5,1
"714","Mehluli Don Ayanda Sibanda",0.5,0.5,0.5,4
"715","Muzammil Murtaza",0.5,0.5,0.5,4
"716","Christoffer Konigsfeldt",0.5,0.5,0.5,1
"717","Chun Hun Wong",0.5,0.5,0.5,2
"718","Michal Przysiezny",0.5,0.5,0.5,1
"719","Mark Chigaazira",0.5,0.5,0.5,1
"720","Soufiane El Mesbahi",0.5,0.5,0.5,1
"721","Yassir Kilani",0.5,0.5,0.5,1
"722","David Souto",0.5,0.5,0.5,1
"723","Brandon Perez",0.5,0.5,0.5,3
"724","Filippo Baldi",0.5,0.5,0.5,3
"725","Jordi Samper Montana",0.5,0.5,0.5,1
"726","Maxime Janvier",0.5,0.5,0.5,5
"727","Matteo Viola",0.5,0.5,0.5,2
"728","Emil Reinberg",0.5,0.5,0.5,1
"729","Collin Altamirano",0.5,0.5,0.5,1
"730","Scott Griekspoor",0.5,0.5,0.5,1
"731","Mate Valkusz",0.5,0.5,0.5,3
"732","Darko Bojanovic",0.5,0.5,0.5,1
"733","N Sriram Balaji",0.5,0.5,0.5,1
"734","Lucas Miedler",0.5,0.5,0.5,2
"735","Evgeny Karlovskiy",0.5,0.5,0.5,1
"736","Jack Mingjie Lin",0.5,0.5,0.5,1
"737","Pedro Sakamoto",0.5,0.5,0.5,1
"738","Andrea Basso",0.5,0.5,0.5,1
"739","Paul Jubb",0.5,0.5,0.5,4
"740","Facundo Arguello",0.5,0.5,0.5,1
"741","Peter Torebko",0.5,0.5,0.5,1
"742","Cole Gromley",0.5,0.5,0.5,1
"743","Julian Lenz",0.5,0.5,0.5,2
"744","Amir Weintraub",0.5,0.5,0.5,1
"745","Raymond Sarmiento",0.5,0.5,0.5,1
"746","Rayane Roumane",0.5,0.5,0.5,1
"747","Yan Bai",0.5,0.5,0.5,2
"748","Alibek Kachmazov",0.5,0.5,0.5,2
"749","Artem Dubrivnyy",0.5,0.5,0.5,1
"750","Joao Menezes",0.5,0.5,0.5,3
"751","Juan Lugo",0.5,0.5,0.5,1
"752","Sebastian Dominguez",0.5,0.5,0.5,1
"753","Franz Luna Lavidalie",0.5,0.5,0.5,2
"754","Juan Borba",0.5,0.5,0.5,2
"755","Kyle Johnson",0.5,0.5,0.5,1
"756","Chak Lam Coleman Wong",0.5,0.5,0.5,1
"757","Pak Long Yeung",0.5,0.5,0.5,2
"758","Wai Yu Kai",0.5,0.5,0.5,2
"759","Gabriel Donev",0.5,0.5,0.5,1
"760","Peter Nagy",0.5,0.5,0.5,1
"761","Gabor Borsos",0.5,0.5,0.5,1
"762","David Szintai",0.5,0.5,0.5,1
"763","Franco Roncadelli",0.5,0.5,0.5,2
"764","Alexander Cozbinov",0.5,0.5,0.5,3
"765","Sasi Kumar Mukund",0.5,0.5,0.5,2
"766","Facundo Diaz Acosta",0.5,0.5,0.5,2
"767","Brian Shi",0.5,0.5,0.5,1
"768","Harold Mayot",0.5,0.5,0.5,2
"769","Ulises Blanch",0.5,0.5,0.5,1
"770","Vitaliy Sachko",0.5,0.5,0.5,3
"771","Hasan Ibrahim",0.5,0.5,0.5,1
"772","Nik Razborsek",0.5,0.5,0.5,1
"773","Ben Patael",0.5,0.5,0.5,1
"774","Julian Saborio",0.5,0.5,0.5,1
"775","Jesse Flores",0.5,0.5,0.5,2
"776","Rodrigo Crespo Piedra",0.5,0.5,0.5,1
"777","Quinton Vega",0.5,0.5,0.5,2
"778","Nikoloz Davlianidze",0.5,0.5,0.5,1
"779","Sheil Kotecha",0.5,0.5,0.5,1
"780","Ismael Changawa Ruwa Mzai",0.5,0.5,0.5,1
"781","Kevin Cheruiyot",0.5,0.5,0.5,1
"782","Phuong Van Nguyen",0.5,0.5,0.5,1
"783","Linh Giang Trinh",0.5,0.5,0.5,1
"784","Thehan Sanjaya Wijemanne",0.5,0.5,0.5,1
"785","Eric Jr. Olivarez",0.5,0.5,0.5,1
"786","Ching Lam",0.5,0.5,0.5,1
"787","Amer Naow",0.5,0.5,0.5,1
"788","Luke Saville",0.5,0.5,0.5,1
"789","Leandro Riedi",0.5,0.5,0.5,2
"790","Lukas Neumayer",0.5,0.5,0.5,1
"791","Shintaro Mochizuki",0.5,0.5,0.5,6
"792","Leo Borg",0.5,0.5,0.5,2
"793","Andrea Collarini",0.5,0.5,0.5,1
"794","Thiago Agustin Tirante",0.5,0.5,0.5,1
"795","Sam Riffice",0.5,0.5,0.5,1
"796","Li Tu",0.5,0.5,0.5,2
"797","Trent Bryde",0.5,0.5,0.5,1
"798","Eduardo Nava",0.5,0.5,0.5,1
"799","Alexander Sarkissian",0.5,0.5,0.5,1
"800","Tristan Schoolkate",0.5,0.5,0.5,1
"801","Thomas Fancutt",0.5,0.5,0.5,1
"802","Michael Vrbensky",0.5,0.5,0.5,1
"803","Raul Brancaccio",0.5,0.5,0.5,1
"804","Marko Topo",0.5,0.5,0.5,3
"805","Fabian Marozsan",0.5,0.5,0.5,2
"806","Erik Arutiunian",0.5,0.5,0.5,1
"807","Alexander Zgirovsky",0.5,0.5,0.5,1
"808","Roey Tabet",0.5,0.5,0.5,1
"809","Finn Reynolds",0.5,0.5,0.5,1
"810","Ignacio Carou",0.5,0.5,0.5,3
"811","Thabo Ncube",0.5,0.5,0.5,1
"812","Lluis Miralles",0.5,0.5,0.5,1
"813","Wojciech Marek",0.5,0.5,0.5,1
"814","Dimitri Badra",0.5,0.5,0.5,1
"815","Sebastian Dominko",0.5,0.5,0.5,3
"816","Siim Troost",0.5,0.5,0.5,1
"817","Edgars Manusis",0.5,0.5,0.5,1
"818","Jan Zielinski",0.5,0.5,0.5,1
"819","Caleb Chakravarthi",0.5,0.5,0.5,1
"820","Max Hans Rehberg",0.5,0.5,0.5,2
"821","Carlos Gimeno Valero",0.5,0.5,0.5,1
"822","Matteo Arnaldi",0.5,0.5,0.5,4
"823","Santiago Fa Rodriguez Taverna",0.5,0.5,0.5,1
"824","Jesper De Jong",0.5,0.5,0.5,2
"825","Henri Squire",0.5,0.5,0.5,1
"826","William Blumberg",0.5,0.5,0.5,1
"827","Ivan Gakhov",0.5,0.5,0.5,1
"828","Hernan Casanova",0.5,0.5,0.5,1
"829","Daniel Dutra Da Silva",0.5,0.5,0.5,1
"830","Alexander Shevchenko",0.5,0.5,0.5,3
"831","Dino Prizmic",0.5,0.5,0.5,1
"832","Mili Poljicak",0.5,0.5,0.5,1
"833","Rodrigo Pacheco Mendez",0.5,0.5,0.5,1
"834","Nick Chappell",0.5,0.5,0.5,1
"835","Gonzalo Villanueva",0.5,0.5,0.5,1
"836","Alexis Galarneau",0.5,0.5,0.5,2
"837","Learner Tien",0.5,0.5,0.5,1
"838","Facundo Mena",0.5,0.5,0.5,1
"839","Evan Furness",0.5,0.5,0.5,1
"840","Yunseong Chung",0.5,0.5,0.5,1
"841","Dragos Nicolae Madaras",0.5,0.5,0.5,3
"842","Beibit Zhukayev",0.5,0.5,0.5,1
"843","Francesco Maestrelli",0.5,0.5,0.5,1
"844","Martin Landaluce",0.5,0.5,0.5,1
"845","Luca Van Assche",0.5,0.5,0.5,2
"846","Gilles Arnaud Bailly",0.5,0.5,0.5,1
"847","Arthur Fils",0.5,0.5,0.5,1
"848","Gabriel Diallo",0.5,0.5,0.5,1
"849","Gabi Adrian Boitan",0.5,0.5,0.5,1
"850","Muhammad Shoaib",0.5,0.5,0.5,3
"851","Alan Fernando Rubio Fierros",0.5,0.5,0.5,1
"852","Andrej Nedic",0.5,0.5,0.5,1
"853","Yanki Erel",0.5,0.5,0.5,1
"854","Kiranpal Pannu",0.5,0.5,0.5,3
"855","Isaac Becroft",0.5,0.5,0.5,1
"856","Cesar Cruz",0.5,0.5,0.5,2
"857","Daniels Tens",0.5,0.5,0.5,1
"858","Hugo Nys",0.5,0.5,0.5,1
"859","Michael Bassem Sobhy",0.5,0.5,0.5,1
"860","Nathan Anthony Barki",0.5,0.5,0.5,1
"861","Tegar Abdi Satrio Wibowo",0.5,0.5,0.5,1
"862","Lucky Candra Kurniawan",0.5,0.5,0.5,1
"863","Lleyton Cronje",0.5,0.5,0.5,1
"864","Mark Lajal",0.5,0.5,0.5,2
"865","Skander Mansouri",0.5,0.5,0.5,3
"866","Bu Yunchaokete",0.5,0.5,0.5,1
"867","Stylianos Christodoulou",0.5,0.5,0.5,1
"868","Alexis Klegou",0.5,0.5,0.5,1
"869","Delmas Ntcha",0.5,0.5,0.5,1
"870","Ki Lung Ng",0.5,0.5,0.5,1
"871","Manas Dhamne",0.5,0.5,0.5,1
"872","Mattia Bellucci",0.5,0.5,0.5,1
"873","Yu Hsiou Hsu",0.5,0.5,0.5,1
"874","Oleksii Krutykh",0.5,0.5,0.5,1
"875","Andreja Petrovic",0.5,0.5,0.5,1
"876","Amir Milushev",0.5,0.5,0.5,1
"877","Jie Cui",0.5,0.5,0.5,1
"878","Michael Agwi",0.5,0.5,0.5,1
"879","Oleksandr Ovcharenko",0.5,0.5,0.5,1
"880","Clement Mainguy",0.5,0.5,0.5,2
"881","Juan Carlos Prado Angelo",0.5,0.5,0.5,2
"882","Raul Garcia",0.5,0.5,0.5,1
"883","Karam Hatamleh",0.5,0.5,0.5,1
"884","Diego Duran",0.5,0.5,0.5,1
"885","Jacob Bicknell",0.5,0.5,0.5,1
"886","Minhtuan Pham",0.5,0.5,0.5,1
"887","Dac Tien Nguyen",0.5,0.5,0.5,1
"888","Alec Beckley",0.5,0.5,0.5,1
"889","Kris Van Wyk",0.5,0.5,0.5,2
"890","Devin Badenhorst",0.5,0.5,0.5,1
